jobId,title,job_url,branch,company,company_url,review,description,type,salary,shift,benefit,category,subcategory,expire_at,is_claimed,average_rating,number_of_jobs,third_party_apply_url
c3ad7cc9-50ea-4ffa-88fb-e02c8aa832b3,Vital Records Informaticist,https://www.indeed.com/rc/clk?jk=1383cfee4b5e7943&bb=baTTHFJHrrzWHGKCFpzpSK1iyyeswnroJAL_QJB8qviH2N_LxIqzWVDXe51rH3TmCiyWu5T9aVL0nZcAw8NP9U4012KYjDa5w8gBed0-PmI_jKjzOeXoaXufgY5wsTUe&xkcb=SoCb67M3-QW_gU3MNB0LbzkdCdPP&fccid=79d8250a34f45646&vjs=3,unavailable,Michigan Public Health Institute (MPHI),https://www.indeed.com/cmp/Mphi-1?campaignid=mobvjcmp&from=mobviewjob&tk=1i2gfcf5r2st0000&fromjk=1383cfee4b5e7943,35,"MPHI is a Michigan-based and nationally engaged, non-profit public health institute. We are a team of teams, process and content experts, dedicated to building A world where tomorrow is healthier than today!


Title: Vital Records Informaticist
$23.90 - $37.46 / Posted Thru: 7-14-24


Location: Remote/Virtual - Must Live and Work In Michigan


Purpose: This position provides informatics and statistical support to the Michigan Department of Health and Human Services (MDHHS) Division for Vital Records and Health Statistics (DVRHS) Data Development Section on a range of matters concerning data collection, processing, and dissemination. This position serves as a key resource working to modernize DVRHS data dissemination to increase the effectiveness of public health data reported on the internet. The position will work closely with DVRHS statisticians, DTMB, and MDHHS public health data strategists to develop and implement standards for web-based statistical reporting.


Duties and Responsibilities:
Develop and deploy interactive statistics dashboards for cancer, birth defects, and vital statistics to the internet.
Develop interactive visualizations of statistical data using products such as Tableau, PowerBI, R, SAS, and others.
Work with division statisticians to design content and presentation, then work with MDHHS Compliance and Communications, as well as DTMB, to deploy content to the internet.
Develop feedback and reports to data providers such as hospital birth clerks, funeral directors, and physicians.
Assist with the implementation of advanced registration system interfaces with hospital electronic health records using standards such as HL7 FHIR.
Lead the organization of DVRHS information assets on the internet across cancer, birth defects, and vital statistics staff, providing a cohesive and logical organization and presentation of data.
Use modern informatics techniques such as knowledge graphs, ontologies, and machine learning to improve the ability of the public to locate relevant information on DVRHS websites.
Work with registration staff to develop and implement quality reports to data reporters such as hospital birth clerks, funeral directors, physicians, and medical examiners.
Always represent the best interests of MDHHS and MPHI.
Other duties as assigned.


Qualifications/Requirements:


Education: Possession of a bachelor’s degree in any major. Possession of a Master of Public Health (MPH) degree with training and experience in public health informatics, including standards and terminologies used in public health is highly preferred.


Experience: Public health informatics, information systems evaluation, statistical reporting using tools such as Tableau, PowerBI, SAS, and R.


Important Skills and Characteristics:


Excellent written and verbal communication skills.
Excellent attendance record.
Ability to work independently and as a team.
Must be proficient in computer software applications including SAS, Microsoft Excel, and Word. Knowledge of standard software such as PowerPoint, and ArcGIS.
Ability to establish and maintain cooperative working relationships with health care professionals, key stakeholders, and internal departments.
Effectively work with individuals with differing backgrounds and varying levels of education.
Operate a personal computer, database, software, videoconference, and other relevant technology.
Knowledge of the principals and methods of epidemiology, biostatistics, and public health surveillance.
Knowledge of the methods used to organize, analyze, and maintain large and complex data sets.
Knowledge of the principals of birth defects and cancer surveillance preferred.
Ability to maintain privacy and security of data.


Work Environment and Physical Requirements: Position is designated as sensitive requiring periodic security clearance and background check (prior to hire). Must possess valid Michigan vehicle operator’s license or ability to independently arrange for transportation where needed to perform duties of the position. The Informaticist position is located in Lansing, MI and is housed in the Office of the Michigan Department of Health and Human Services Division for Vital Records and Health Statistics. Request for remote worksite agreements require supervisor approval. If remote work schedule agreement is approved by supervisor, the incumbent must be available to work onsite at the Office as needed and/or as required by supervisor. The incumbent will not be compensated for using personal equipment or receive reimbursement for travel and meals if the remote work site agreement is approved and the incumbent is required to report to the Office.


RESPONSIBILITY FOR THE WORK OF OTHERS: No assigned responsibility.


IMPACT ON PROJECTS, SERVICES AND OPERATIONS: The individual in this position is responsible for a variety of activities in the Michigan Department of Health and Human Services, Division for Vital Records and Health Statistics. The Data Development Section is responsible for all aspects of data collection, cleaning, and reporting for vital events in Michigan. This position is key to improving quality of data received during registration and reported to stakeholders.


REQUIRED COMMUNICATION


Contact Person/Group Frequency Purpose
Data Development Manager Weekly Website Operations
DVRHS Statisticians Weekly Projects
Other Data Development Staff Weekly Section Operations
Vital Records and Health Statistics Staff Occasionally Division Operations
Cancer Prevention and Control Program Occasionally Collaboration
Division of Lifecourse Epidemiology & Genomics Occasionally Collaboration
MDHHS Epidemiology & Population Health Staff Occasionally Collaboration


“For purposes of employment standards, this classification is “Non-Exempt” from overtime provisions of the fair Labor Standards Act.”


MPHI works with you to promote health for everyone. Together, we will build a world where tomorrow is healthier than today!
MPHI is an EEO/AA employer that participates with e-verify.",- Full-time,$23.90 - $37.46 an hour,"$23.90 - $37.46 an hour, ",unavailable,test,test2,10/12/2024,false,unavailable,9,https://www.indeed.com/rc/clk?jk=1383cfee4b5e7943&bb=baTTHFJHrrzWHGKCFpzpSK1iyyeswnroJAL_QJB8qviH2N_LxIqzWVDXe51rH3TmCiyWu5T9aVL0nZcAw8NP9U4012KYjDa5w8gBed0-PmI_jKjzOeXoaXufgY5wsTUe&xkcb=SoCb67M3-QW_gU3MNB0LbzkdCdPP&fccid=79d8250a34f45646&vjs=3
f4223baf-4a84-4415-b912-ced28c0b2c9a,Coder I,https://www.indeed.com/rc/clk?jk=bb391b09663eb0cf&bb=baTTHFJHrrzWHGKCFpzpSLHzm26ee2b3WbPUxlN4TXsuhHfj2hokNC2hIeK9g7D-wea4xtIuamhfHtmZNrRl8dOh_wmh-FlAVVhDyuhd7z7MXz6vzAnTpqOm9mtW8Qnb&xkcb=SoAv67M3-QW_gU3MNB0KbzkdCdPP&fccid=e309b8a71206cc5c&vjs=3,unavailable,Dignity Health Medical Group,https://www.indeed.com/cmp/Dignity-Health?campaignid=mobvjcmp&from=mobviewjob&tk=1i2gfco62khtq800&fromjk=bb391b09663eb0cf,3.5K,"Overview

Dignity Health Medical Foundation established in 1993 is a California nonprofit public benefit corporation with care centers throughout California. Dignity Health Medical Foundation is an affiliate of Dignity Health - one of the largest health systems in the nation - with hospitals and care centers in California Arizona and Nevada. Today Dignity Health Medical Foundation works hand-in-hand with physicians and providers throughout California to provide comprehensive health care services to the many communities we serve. As Dignity Health Medical Foundation continues to grow and establish new premier care centers we provide increasing support and investment in the latest technologies finest physicians and state-of-the-art medical facilities. We strive to create purposeful work settings where staff can provide great care while advancing in knowledge and experience through challenging work assignments and stimulating relationships. Our staff is well-trained and highly skilled qualities that are vital to maintaining excellence in care and service.

Responsibilities

***This position is remote within California.

Position Summary:

The Coder I reviews and processes clinic professional charges for Dignity Health Medical Foundation. This position works closely with medical group's physicians and providers to ensure all services billed are supported by the documentation and correctly coded for maximum reimbursement.

Responsibilities may include:

Applies coding principles consistent with government regulatory standards payer specific guidelines and Dignity Health Medical Foundation policy.
Codes Primary Care Radiology and Hospitalist professional charges for assigned providers.
Reviews all ICD E&M CPT and HCPCS codes to ensure documentation supports all services rendered.
Queries providers as needed when encounters lack clear documentation or when missing documentation is discovered in the medical record.
Provides education to physicians and providers on coding and documentation as needed.
Assists clinic and other department staff with coding related questions pertaining to assigned providers.
When requested codes missing charges identified for assigned providers.
Attends clinic and other department meetings to act as a coding resource for assigned providers.
Maintains a current working knowledge of E&M CPT and ICD coding guidelines.
Meets production and quality standards set by Physician Coding leadership.
When requested reviews and corrects coding related denials to maximize reimbursement.
When requested works all patient coding dispute inquiries in designated time periods.
All other duties as assigned.

Qualifications

Minimum Qualifications:

One (1) year or less of professional fee coding experience
High school diploma or equivalent
CPC CPC-A or CCS-P Certification

Preferred Qualifications:

GECB/IDX and Cerner

Pay Range
$25.25 - $36.61 /hour",- Full-time,$25.25 - $36.61 an hour,"$25.25 - $36.61 an hour, ",unavailable,test,test2,11/21/2024,false,unavailable,2.4K,https://www.indeed.com/rc/clk?jk=bb391b09663eb0cf&bb=baTTHFJHrrzWHGKCFpzpSLHzm26ee2b3WbPUxlN4TXsuhHfj2hokNC2hIeK9g7D-wea4xtIuamhfHtmZNrRl8dOh_wmh-FlAVVhDyuhd7z7MXz6vzAnTpqOm9mtW8Qnb&xkcb=SoAv67M3-QW_gU3MNB0KbzkdCdPP&fccid=e309b8a71206cc5c&vjs=3
5a43fa9e-1146-414a-b6a7-0980c4603024,Health Information Coder II - Health Information - F/T Days,https://www.indeed.com/rc/clk?jk=06d54fd0461e2055&bb=baTTHFJHrrzWHGKCFpzpSNjy3KH3875jOL6C-Dq66d4Xb024OKN2zAjrvizq3DuApNAShISakQbuwLdLI1nf1XURuRhWOWhRrC1XZyzgPCxd4675Ry1d_w%3D%3D&xkcb=SoCy67M3-QW_gU3MNB0JbzkdCdPP&fccid=2ec9e0488117aa05&vjs=3,unavailable,"University of California, Irvine",https://www.indeed.com/cmp/Uc-Irvine-Health?campaignid=mobvjcmp&from=mobviewjob&tk=1i2gfcvqbn8h3802&fromjk=b501563142040b1e,239,"Overview:
UCI Health is the clinical enterprise of the University of California, Irvine, and the only academic health system based in Orange County. UCI Health is comprised of its main campus, UCI Medical Center, a 459-bed, acute care hospital in in Orange, Calif., four hospitals and affiliated physicians of the UCI Health Community Network in Orange and Los Angeles counties and ambulatory care centers across the region. Listed among America’s Best Hospitals by U.S. News & World Report for 23 consecutive years, UCI Medical Center provides tertiary and quaternary care and is home to Orange County’s only National Cancer Institute-designated comprehensive cancer center, high-risk perinatal/neonatal program and American College of Surgeons-verified Level I adult and Level II pediatric trauma center, gold level 1 geriatric emergency department and regional burn center. UCI Health serves a region of nearly 4 million people in Orange County, western Riverside County and southeast Los Angeles County.
To learn more about UCI Health, visit www.ucihealth.org.
Responsibilities:
Position Summary:
Reporting to the Assistant Director of HIM for Operations, the Coder II performs abstracting and coding, using ICD-9 CM and CPT, on all outpatient visits (including ED, Ambulatory Surgery and clinic visits) at UCI Medical Center. Accounts are coded utilizing the 3M encoder and SMS/Invision computer systems for coding and data entry. Additional duties include preparing and compiling daily, weekly and monthly production reports, participating in departmental PI projects, and performing related duties as assigned to meet operational needs.
Qualifications:
Total Compensation
We offer a wealth of benefits to make working at UCI even more rewarding. These benefits may include medical insurance, sick and vacation time, retirement savings plans, and access to a number of discounts and perks. Please utilize the links listed here to learn more about our compensation practices and benefits.

Required Qualifications:
Skill, knowledge and ability essential to the successful performance of the job duties
Skill to effectively assign codes
Must possess the skill, knowledge and ability essential to the successful performance of assigned duties
Must demonstrate customer service skills appropriate to the job
Minimum one year of acute hospital coding experience
Knowledge of anatomy and physiology, disease process and medical terminology
Knowledge of ICD-9 CM and CPT coding
Knowledge of ICD-10 and CPT codes
Excellent written and verbal communication skills in English
Credentialed as CCS, CCS-P, CPC, or CPC-H
Ability to work independently and be a self starter
Ability to maintain a work pace appropriate to the workload
Ability to establish and maintain effective working relationships across the Health System

Preferred Qualifications:
Knowledge of University and medical center organizations, policies, procedures and forms

Conditions of Employment:
The University of California, Irvine (UCI) seeks to provide a safe and healthy environment for the entire UCI community. As part of this commitment, all applicants who accept an offer of employment must comply with the following conditions of employment:
Background Check and Live Scan
Legal Right to Work in the United States
Vaccination Policies
Smoking and Tobacco Policy
Drug Free Environment
The following additional conditions may apply, some of which are dependent upon business unit or job specific requirements.
California Child Abuse and Neglect Reporting Act
E-Verify
Pre-Placement Health Evaluation
Details of each policy may be reviewed by visiting the following page: https://hr.uci.edu/new-hire/conditions-of-employment.php

Closing Statement:
The University of California, Irvine is an Equal Opportunity/Affirmative Action Employer. All qualified applicants will receive consideration for employment without regard to race, color, religion, sex, sexual orientation, gender identity, national origin, disability, age, protected veteran status, or other protected categories covered by the UC nondiscrimination policy.

We are committed to attracting and retaining a diverse workforce along with honoring unique experiences, perspectives, and identities. Together, our community strives to create and maintain working and learning environments that are inclusive, equitable, and welcoming.

UCI provides reasonable accommodations for applicants with disabilities upon request. For more information, please contact UCI's Employee Experience Center (EEC) at eec@uci.edu or at (949) 824-0500, Monday - Friday from 8:30 a.m. - 5:00 p.m.",unavailable,Full-time,unavailable,"Benefits
Pulled from the full job description
Health insurance
Retirement plan
&nbsp;",test,test2,10/28/2024,false,unavailable,701,https://www.indeed.com/rc/clk?jk=06d54fd0461e2055&bb=baTTHFJHrrzWHGKCFpzpSNjy3KH3875jOL6C-Dq66d4Xb024OKN2zAjrvizq3DuApNAShISakQbuwLdLI1nf1XURuRhWOWhRrC1XZyzgPCxd4675Ry1d_w%3D%3D&xkcb=SoCy67M3-QW_gU3MNB0JbzkdCdPP&fccid=2ec9e0488117aa05&vjs=3
210ab5e2-4d29-4747-83c8-3d46da879ab9,Health Information Coder II - Health Information - F/T Days,https://www.indeed.com/rc/clk?jk=b501563142040b1e&bb=baTTHFJHrrzWHGKCFpzpSNnctkm2Pu6AjQk2KXJf5N8dzFFAHuA28W3Mb8qr-QXA29GrL9oiSll_19PePsgR0mNBA7b3_ue9Nvt1RY4UkaNSXJZyjM2vmA5vWPCEx8VZ&xkcb=SoAG67M3-QW_gU3MNB0IbzkdCdPP&fccid=576e1e9ae76b4557&vjs=3,unavailable,"University of California, Irvine",https://www.indeed.com/cmp/Uc-Irvine-Health?campaignid=mobvjcmp&from=mobviewjob&tk=1i2gfd6b02st0001&fromjk=b501563142040b1e,239,"Overview:
UCI Health is the clinical enterprise of the University of California, Irvine, and the only academic health system based in Orange County. UCI Health is comprised of its main campus, UCI Medical Center, a 459-bed, acute care hospital in in Orange, Calif., four hospitals and affiliated physicians of the UCI Health Community Network in Orange and Los Angeles counties and ambulatory care centers across the region. Listed among America’s Best Hospitals by U.S. News & World Report for 23 consecutive years, UCI Medical Center provides tertiary and quaternary care and is home to Orange County’s only National Cancer Institute-designated comprehensive cancer center, high-risk perinatal/neonatal program and American College of Surgeons-verified Level I adult and Level II pediatric trauma center, gold level 1 geriatric emergency department and regional burn center. UCI Health serves a region of nearly 4 million people in Orange County, western Riverside County and southeast Los Angeles County.
To learn more about UCI Health, visit www.ucihealth.org.
Responsibilities:
Position Summary:
Reporting to the Assistant Director of HIM for Operations, the Coder II performs abstracting and coding, using ICD-9 CM and CPT, on all outpatient visits (including ED, Ambulatory Surgery and clinic visits) at UCI Medical Center. Accounts are coded utilizing the 3M encoder and SMS/Invision computer systems for coding and data entry. Additional duties include preparing and compiling daily, weekly and monthly production reports, participating in departmental PI projects, and performing related duties as assigned to meet operational needs.
Qualifications:
Total Compensation
We offer a wealth of benefits to make working at UCI even more rewarding. These benefits may include medical insurance, sick and vacation time, retirement savings plans, and access to a number of discounts and perks. Please utilize the links listed here to learn more about our compensation practices and benefits.

Required Qualifications:
Skill, knowledge and ability essential to the successful performance of the job duties
Skill to effectively assign codes
Must possess the skill, knowledge and ability essential to the successful performance of assigned duties
Must demonstrate customer service skills appropriate to the job
Minimum one year of acute hospital coding experience
Knowledge of anatomy and physiology, disease process and medical terminology
Knowledge of ICD-9 CM and CPT coding
Knowledge of ICD-10 and CPT codes
Excellent written and verbal communication skills in English
Credentialed as CCS, CCS-P, CPC, or CPC-H
Ability to work independently and be a self starter
Ability to maintain a work pace appropriate to the workload
Ability to establish and maintain effective working relationships across the Health System

Preferred Qualifications:
Knowledge of University and medical center organizations, policies, procedures and forms

Conditions of Employment:
The University of California, Irvine (UCI) seeks to provide a safe and healthy environment for the entire UCI community. As part of this commitment, all applicants who accept an offer of employment must comply with the following conditions of employment:
Background Check and Live Scan
Legal Right to Work in the United States
Vaccination Policies
Smoking and Tobacco Policy
Drug Free Environment
The following additional conditions may apply, some of which are dependent upon business unit or job specific requirements.
California Child Abuse and Neglect Reporting Act
E-Verify
Pre-Placement Health Evaluation
Details of each policy may be reviewed by visiting the following page: https://hr.uci.edu/new-hire/conditions-of-employment.php

Closing Statement:
The University of California, Irvine is an Equal Opportunity/Affirmative Action Employer. All qualified applicants will receive consideration for employment without regard to race, color, religion, sex, sexual orientation, gender identity, national origin, disability, age, protected veteran status, or other protected categories covered by the UC nondiscrimination policy.

We are committed to attracting and retaining a diverse workforce along with honoring unique experiences, perspectives, and identities. Together, our community strives to create and maintain working and learning environments that are inclusive, equitable, and welcoming.

UCI provides reasonable accommodations for applicants with disabilities upon request. For more information, please contact UCI's Employee Experience Center (EEC) at eec@uci.edu or at (949) 824-0500, Monday - Friday from 8:30 a.m. - 5:00 p.m.",unavailable,Full-time,unavailable,"Benefits
Pulled from the full job description
Health insurance
Retirement plan
&nbsp;",test,test2,10/15/2024,false,unavailable,701,https://www.indeed.com/rc/clk?jk=b501563142040b1e&bb=baTTHFJHrrzWHGKCFpzpSNnctkm2Pu6AjQk2KXJf5N8dzFFAHuA28W3Mb8qr-QXA29GrL9oiSll_19PePsgR0mNBA7b3_ue9Nvt1RY4UkaNSXJZyjM2vmA5vWPCEx8VZ&xkcb=SoAG67M3-QW_gU3MNB0IbzkdCdPP&fccid=576e1e9ae76b4557&vjs=3
14d131f1-861a-486c-bcbd-2b4d73fb3424,Pro Fee Coding Specialist (full-time),https://www.indeed.com/rc/clk?jk=0e67043b7b8dbe06&bb=baTTHFJHrrzWHGKCFpzpSA73r4i8FR9VCWZh378XlyrVc292UpdY9dzrj8ePhJW-1X2fIlilDRsEdGzXHSfrEhLvDcnvhigRrBGqb3rVbs20FjRu2ExRkv9T6lI_76Yg&xkcb=SoCI67M3-QW_gU3MNB0PbzkdCdPP&fccid=b592ec6b1e4771b6&vjs=3,unavailable,Saint Francis Health System,https://www.indeed.com/cmp/Saint-Francis-Health-System?campaignid=mobvjcmp&from=mobviewjob&tk=1i2gfdcsolvcl800&fromjk=0e67043b7b8dbe06,522,"Full Time
This position may be eligible for a $2,500 sign-on bonus based on candidate eligibility.
Hours: The scheduling for this position is flexible but employees must work at least 40 hours per week. Weekends and evenings may qualify for additional shift differentials.
Job Summary: The Pro Fee Coding Specialist performs diagnosis and/or procedural coding as assigned in order to apply the appropriate diagnosis and procedural codes to individual patient health information for data retrieval, analysis, and claims processing.

Minimum Education: Commensurate education with achieving qualifications to sit for Certification Exam(s) as related to ICD-10, CPT and other related specialty certifications.

Licensure, Registration and/or Certification: Certified Coder through AAPC, AHIMA, BCHH-C, HCCS for Home Health or National Healthcare Association. Applicants who have not yet achieved a coding certification may be considered when work experience is at least two years. The applicant will need to obtain the certification within one year of hire.

Work Experience: 0 - 2 years related experience including a demonstrated thorough understanding of the content of the medical record in order to be able to locate information to support or provide specificity for coding. Requires experience and/or training in the anatomy and physiology of the human body and disease processes in order to understand the etiology, pathology, symptoms, signs, diagnostic studies, treatment modalities, and prognosis of diseases and procedures to be coded.

Knowledge, Skills and Abilities: Basic computer and encoder skills. Effective interpersonal, oral and written communication skills. Ability to organize and prioritize work in an efficient and effective manner. Uses good judgment when determining whether a record is complete enough to code or should be held for more documentation. Ability and requires maintaining continuing education credits for credentialed coders, stays updated on coding rules, attends seminars and reviews and coding periodicals. Ability to be cooperative, dependable and responsive to the changing nature of the coding workflow. Ability to be flexible when asked to do different assignments.

Essential Functions and Responsibilities: Codes as assigned from review of medical record documentation. Applies knowledge of current coding and billing requirements to assure claims are submitted correctly. Monitors coding and billing performance and resolves denials related to coding errors. Performs review for charge corrections and rebilling as required for resolution of coding denials. Develops preventative measures in response to patterns identified through analysis of claims denial data; prepares periodic reports for clinical staff, identifying corrective measures to resolve denial problems. Advises and instructs providers regarding documentation and billing policies, procedures and regulations; interacts with providers regarding conflicting, ambiguous or none-specific documentation, obtaining clarification of same. Educates provides and office staff regarding documentation coding and billing changes and regulations to assure compliance with local, state and national policies. Works collaboratively with providers, office staff, billing personnel, quality department and compliance, and coding resources to ensure accurate coding.

Decision Making: Independent judgment in planning sequence of operations and making minor decisions in a complex technical or professional field.

Working Relationships: Works with internal customers via telephone or face to face interaction. Works with other healthcare professionals and staff.

Special Job Dimensions: None.
Supplemental Information: This document generally describes the essential functions of the job and the physical demands required to perform the job. This compilation of essential functions and physical demands is not all inclusive nor does it prohibit the assignment of additional duties.
#GENIND
Health Information Ambulatory Coding - Yale Campus
Location:
Tulsa, Oklahoma 74136
EOE Protected Veterans/Disability",unavailable,Full-time,"Full-time, ",unavailable,test,test2,12/03/2024,false,unavailable,439,https://www.indeed.com/rc/clk?jk=0e67043b7b8dbe06&bb=baTTHFJHrrzWHGKCFpzpSA73r4i8FR9VCWZh378XlyrVc292UpdY9dzrj8ePhJW-1X2fIlilDRsEdGzXHSfrEhLvDcnvhigRrBGqb3rVbs20FjRu2ExRkv9T6lI_76Yg&xkcb=SoCI67M3-QW_gU3MNB0PbzkdCdPP&fccid=b592ec6b1e4771b6&vjs=3
48dfbdab-3780-4cc1-bf5d-a959e55774e4,Mechatronics Technician Weekend Shift (InSinkErator),https://www.indeed.com/rc/clk?jk=4eec72b2b1daa427&bb=baTTHFJHrrzWHGKCFpzpSKLWFeBHQZ75KVBR4gF93PZgLRhcmpdj7f8ZOlY8O58YndPTjZ_-YmNm-4_3-7ne2SN2rKPRau2PPjXBi990pjBvYPhiclMX2Q%3D%3D&xkcb=SoA867M3-QW_gU3MNB0ObzkdCdPP&fccid=c403821dbe674a88&vjs=3,"Racine, WI",Whirlpool,https://www.indeed.com/cmp/Whirlpool-Corporation?campaignid=mobvjcmp&from=mobviewjob&tk=1i2gfdk15n595800&fromjk=4eec72b2b1daa427,5.1K,"Requisition ID: 62719

ABOUT WHIRLPOOL CORPORATION
Whirlpool Corporation (NYSE: WHR) is committed to being the best global kitchen and laundry company, in constant pursuit of improving life at home. In an increasingly digital world, the company is driving purposeful innovation to meet the evolving needs of consumers through its iconic brand portfolio, including Whirlpool, KitchenAid, Maytag, Consul, Brastemp, Amana, Bauknecht, JennAir, Indesit and InSinkErator. In 2023, the company reported approximately $19 billion in annual sales, 59,000 employees and 55 manufacturing and technology research centers. Additional information about the company can be found at WhirlpoolCorp.com.

This role in summary

This position provides direct day-to-day support for controls, logic,
processes, programming, system integration, troubleshooting, and ensuring operations
equipment conforms to network, communications, and programming/software standards.
Requires supporting Engineering Controls in the development, installation, and start-up
of new production equipment and technology.

Your responsibilities will include
Work independently with minimum supervision required. Interface with
stakeholders from all levels of the organization, including external
vendors/contractors

Provide day-to-day technical guidance and expertise (lead, coordinate and
facilitate troubleshooting) in the modification of hardware, software, electrical and
power transmission control systems to improve safety, reliability, and operational
readiness of manufacturing equipment

Diagnose and repair electrical and mechanical issues. Issues may include the
testing, replacement or repair of electrical systems including single phase or
three phase electrical systems up to 480 volts, AC or DC motors, power supplies,
frequency drives, servo drives, transformers, motor starters, proximity sensors,
encoders, photo eyes, programmable logic Controllers (PLC), HMI’s, PLC
Inputs/Outputs

Support Engineering Controls in training development, process standardization,
and quality documentation adherence as requested for new and updated
systems

Support set-up and troubleshooting of motion control systems including servos
and robotic systems

Perform and troubleshoot complex applications and equipment involving
electrical/electronic circuits and equipment that interfaces with PC/VM based
applications, PAC controllers and a variety of operator interfaces

Analyze data on information for analysis, RCA, FMEA
Analyze Real-Time equipment operating data (Digital Dashboard) to aid in
making informed troubleshooting process related decisions

Increase skills and knowledge by attending technical training sessions,
participating in vendor visits, and scheduled maintenance activities

Complete NFPA 70E Training and maintain certification
Minimum requirements
Associates degree in Automated Manufacturing Systems Technology or a related
field (Preferably Electronics) and 5 years of relevant experience; or High School
diploma or equivalent and 10 years of relevant experience

Demonstrated understanding of advanced machine repair, maintenance techniques,
practices, and standard mechanical functions with a NOCTI evaluation of 70 or
higher

Advanced level of software/hardware skills (troubleshooting, MS, SQL, CAD, Iconics,
Ignition, PLC programming)

Strong electro-mechanical skills and problem-solving practices using root-cause
analysis

Ability to read electrical schematic, wiring diagrams, and PLC ladder and block logic
Ability to load programs or configure PLC’s, HMI, scanners
Fully competent in Keyence/Cognex/Fanuc or other vision systems
Comprehension of Industrial Network Communication
Visual Basic (and/or.Net) knowledge in Manufacturing production
Knowledge of RFID in manufacturing production
Proficient use of electrical/electronic, computer, and test equipment
Proficient in MS Office- Word, Excel, and PowerPoint
Preferred skills and experiences
Ability to effectively present information and respond to questions from management
teams

Ability to read, analyze and interpret technical procedures. Ability to write reports,
business correspondence, and manuals

Ability to set-up and operate automated manufacturing systems and associated
equipment

Ability to make accurate arithmetic calculations, read/analyze blueprints, schematics
guidelines, and/or diagrams to ensure product specifications and tolerance levels are
met

Ability to analyze yield results and adjust machines to control defects
Operate standard and powered hand tools, precision measuring devices and
gauges, material handling equipment, and personal computer

Complete understanding of safe work practices and policies and ability to work safely
without presenting a direct threat to self or others and compliance with all safety and
OSHA regulations

Connect with us and learn more about Whirlpool Corporation

See what it's like to work at Whirlpool by visiting Whirlpool Careers. Additional information about the company can be found on Facebook, Twitter, LinkedIn, Instagram and YouTube.

At Whirlpool Corporation, we value and celebrate diversity. Whirlpool Corporation is committed to equal employment opportunity and prohibits any discrimination on the basis of race or ethnicity, religion, sex, pregnancy, gender expression or identity, sexual orientation, age, physical or mental disability, veteran status, or any other category protected by applicable law.",unavailable,unavailable,"Weekends as needed, ",unavailable,test,test2,10/18/2024,false,unavailable,100,https://www.indeed.com/rc/clk?jk=4eec72b2b1daa427&bb=baTTHFJHrrzWHGKCFpzpSKLWFeBHQZ75KVBR4gF93PZgLRhcmpdj7f8ZOlY8O58YndPTjZ_-YmNm-4_3-7ne2SN2rKPRau2PPjXBi990pjBvYPhiclMX2Q%3D%3D&xkcb=SoA867M3-QW_gU3MNB0ObzkdCdPP&fccid=c403821dbe674a88&vjs=3
0b6194e0-5220-449b-8054-74d5227b2376,"Mgr, Hospital Coding - Contract Coding and Analytics",https://www.indeed.com/rc/clk?jk=3ca9db9d8aee73e9&bb=baTTHFJHrrzWHGKCFpzpSKkp9MKGZapq84M7GZwlQ2FmQl9R-0yJ1fxUb67pyGbkLTAKjZOeXsT4pJluAMV0sTRgIiRxj2aMUcnosugE5NmWjn0AOGEsag%3D%3D&xkcb=SoCh67M3-QW_gU3MNB0NbzkdCdPP&fccid=833ef092852b29f4&vjs=3,"Warrenville, IL 60555",Edward-Elmhurst Health,https://www.indeed.com/cmp/Endeavor-Health-1?campaignid=mobvjcmp&from=mobviewjob&tk=1i2gfdsockhtq800&fromjk=3ca9db9d8aee73e9,1.6K,"Position Highlights:
Position: Manager, Contract Coding and Analytics
Location: Winnfield, IL
Full Time
Hours: Monday-Friday, standard business hours

A Brief Overview:
This position is responsible to ensure coding and abstraction of data for all inpatient, hospital outpatient and some physician billing service line charges and/or technical component for medical group billing while meeting the corporate goals established (i.e. Candidate for Bill and HIM Discharge Not Billed) as well as abstracting core measure patients timely and accurately. To manage training of new staff, interns or current staff regarding Epic upgrades, changes to coding rules or new quality measures. Collaborate with CDI and professional/medical group coding team to maximize code capture and establish working relationship to identify areas of opportunity to improve or maintain coding compliance, CMI and single-path coding. Manage facility outpatient coders for single path coding/concurrent coding service lines to follow Professional Billing rules.

What you will do:
Promotes teamwork philosophy and pursues excellence in customer service within area managed.
Ensures the proper education of staff relating to coding, abstracting, reimbursement and billing when applicable.
Interviews and hires personnel for area managed and evaluates direct reporting staff.
Supports and advises supervisors regarding training, evaluation, discipline and recognition of personnel.
Conducts at a minimum quarterly staff meetings (two on site annually) and makes use of all available forms of communication to keep staff informed and solicit input. Ensures minutes of meetings are maintained and distributed to all coders unable to attend.
Evaluate and recommend appropriate staffing needs to meet benchmark goals.
Develops, prepares and aggregates management reports for the timely and accurate analysis of established benchmark goals.
Reviews and approves objective performance standards set and monitored by supervisors.
Promotes employee engagement, culture diversity and inclusion and safety within department.
Review priorities set by supervisors and to meet weekly CFB/ DNB and other benchmark goals.
Approves or obtains approval when needed to meet supervisors identified staffing needs to cover planned or unplanned time off or to meet goals.
Evaluate and propose new technology other resources needed to meet or exceed corporate goals and initiatives.
Ensures optimization of current technology and workflow processes to meet efficiency and optimal productivity.
Ensures supervisors have reviewed results of monthly productivity statistics and quality review results with staff and ensures supervisors have implemented PIP, corrective action or education as needed.
Works with CMC and CDI teams to meet CDI Executive Committee goals for CMI and CC capture rate.
Provides weekly progress report to director and updates corporate communication documents on collaboration portal.
Works with Corporate Compliance to review and appeal RAC or other payor denials due to coding or DRG assignment completing chart reviews timely and submitting any supporting documentation necessary for appeal.
Works directly with IS, Epic and 3M to discuss enhancements, submit requests for enhancements and/or required changes to workflow, reports or system updates. Reviews release notes and determines items to be implemented at go-live or post go-live. Participates in testing system according to IS scripts for go-live.
Customer Issues - Work with Support Services, PBB, Customer Service, SSC and all other areas in the accurate and timely completion of billing issues, code amendments and meeting the needs of NorthShore University HealthSystem customers.
Reviews coding audit results with supervisors and ensures staff are updated as to results and provided any additional education needed based on results.
Review of Denied Claims: Review all denied claims from any and all payers. Track, research and resolve by payor due date.
Tracks key accomplishments for area managed and reports at fiscal year-end.
Supports supervisors in their liaison role and fills in as liaison for Director when needed.
Maintains current job descriptions for each position in area managed.
Works in conjunction with corporate compliance to maintain and update current policies, procedures and internal coding procedures in the Share Drive and follows all applicable federal, state, and local regulations.
Provides frequent and consistent status reports to the Director on the management of the supervised areas.
Assist director in setting performance improvement objectives for department. Works in conjunction with supervisors to monitors and document improvements.
Performs other duties as assigned.

What you will need:
Associates Degree Required or Bachelors Degree Health Administration Preferred
3 Years of hospital coding experience required.and 2 Years of management experience REQUIRED for RHIT candidates.
3 Years of management experience PREFERRED for RHIA candidates
Full understanding of ICD-10-CM and ICD-10 PCS, CPT-4, and HCPCS coding classifications, DRG, RUGS, IRFPPS (Inpatient Rehab Facility Prospective Payment System) and APC payment systems and all applicable rules and regulations.
General understanding of computers and Microsoft Windows. Experience with 3M Encoder/Grouper software system or similar product.
Intermediate to advanced level of Excel. Experience with Visio helpful.
Strong supervisory and communication skills required. Imaginative and detail oriented.
Ability to cope with fast paced, rapidly changing environment.
Ability to deal with a broad range of personalities and skill levels.
Ability to write reports, business correspondence, and policy and procedures.
Must have excellent problem-solving skills, be able to collect data and analyze data to draw valid conclusions.
Must have excellent organizational skills and must be able to prioritize workload and work independently.
Registered Health Information Technician (RHIT) - American Health Information Management Association (AHIMA) Registered Health Information Technician (RHIT) Required Or
Registered Health Information Administrator (RHIA) - American Health Information Management Association (AHIMA) Registered Health Information Administrator (RHIA) Required
Benefits:
Career Pathways to Promote Professional Growth and Development
Various Medical, Dental, and Vision options, including Domestic Partner Coverage
Tuition Reimbursement
Free Parking at designated locations
Wellness Program Savings Plan
Health Savings Account Options
Retirement Options with Company Match
Paid Time Off and Holiday Pay
Community Involvement Opportunities
Endeavor Health is a fully integrated healthcare delivery system committed to providing access to quality, vibrant, community-connected care, serving an area of more than 4.2 million residents across six northeast Illinois counties. Our more than 25,000 team members and more than 6,000 physicians aim to deliver transformative patient experiences and expert care close to home across more than 300 ambulatory locations and eight acute care hospitals – Edward (Naperville), Elmhurst, Evanston, Glenbrook (Glenview), Highland Park, Northwest Community (Arlington Heights) Skokie and Swedish (Chicago) – all recognized as Magnet hospitals for nursing excellence. Located in Naperville, Linden Oaks Behavioral Health, provides for the mental health needs of area residents. For more information, visit
https://www.endeavorhealth.org/careers
.
When you work for Endeavor Health, you will be part of an organization that encourages its employees to achieve career goals and maximize their professional potential.
Please explore our website (
https://www.endeavorhealth.org/careers
) to better understand how
Endeavor Health delivers on its mission to “help everyone in our communities be their best”.
Endeavor Health is committed to working with and providing reasonable accommodation to individuals with disabilities. Please refer to the main career page for more information.
Diversity, equity and inclusion is at the core of who we are; being there for our patients and each other with compassion, respect and empathy. We believe that our strength resides in our differences and in connecting our best to provide community-connected healthcare for all.
EOE: Race/Color/Sex/Sexual Orientation/ Gender Identity/Religion/National Origin/Disability/Vets, VEVRRA Federal Contractor.
#LI-JR2",unavailable,Full-time,"Full-time, ","Benefits
Pulled from the full job description
Dental insurance
Free parking
Health insurance
Health savings account
Paid time off
Partner benefits
Retirement plan
Show more
&nbsp;",test,test2,11/14/2024,false,unavailable,1.8K,https://www.indeed.com/rc/clk?jk=3ca9db9d8aee73e9&bb=baTTHFJHrrzWHGKCFpzpSKkp9MKGZapq84M7GZwlQ2FmQl9R-0yJ1fxUb67pyGbkLTAKjZOeXsT4pJluAMV0sTRgIiRxj2aMUcnosugE5NmWjn0AOGEsag%3D%3D&xkcb=SoCh67M3-QW_gU3MNB0NbzkdCdPP&fccid=833ef092852b29f4&vjs=3
1e715876-2146-4ab7-a80b-a940634fa66e,Coding Auditor,https://www.indeed.com/rc/clk?jk=771c51ee55d34c24&bb=baTTHFJHrrzWHGKCFpzpSAuDKzeGuxYM68oAw_D0iqSBDzyQm7n-FZZWJpiyOTH96EA8t0LgpxioYUIsPvkg5cnuvbhH07BHsPHP6J0xOe1lKZOb4ut_hVA7WgLq_oGI&xkcb=SoAV67M3-QW_gU3MNB0MbzkdCdPP&fccid=dd616958bd9ddc12&vjs=3,"Houma, LA 70360",unavailable,unavailable,unavailable,"Job Duties:

Develop and maintain physician audit plan to include a yearly review of:
a. Clinic and hospital EM services
b. Medical necessity issues with Denials and encounters no-billed
Perform coding and billing audits and provide written audit reports to administration and the providers.


Perform data analysis to ensure coding compliance of providers, including level of service analysis against Medicare and other pertinent benchmarks, i.e. MedAxiom and White Plume reports.


Develop and present educational materials, based on audit findings, to providers, management, coding and billing staff on correct coding guidelines and government policies per state regulations.


Develop policy guidelines and procedures in accordance with governmental regulations and the medical industry standards/practices. Research, develop and maintain documentation on coding guidelines for physician practices.
Maintain thorough knowledge of CMS/Medicare/Medicaid & private payer, NCDs, LA MC LCDs, documentation and coding rules for cardiology.
Prepare communications for practice administrators and others on identified issues and pertinent changes.
Act as liaison between business services and clinics on coding issues.

Job Requirements:

Bachelor of Science Degree or LPN and Certification as a Professional Coder.
Minimum of five (5) years experience.
Physician E/M coding and auditing experience preferred
Strong project management and presentation skills preferred.
Experience with Optum encoder, EMR and billing software preferred.

Standards of Performance:

1. Keeps work area neat and organized. Reports safety issues to team leader immediately.

2. Works efficiently and manages time wisely. Assist other employees when all duties are complete.

3. Communicates any problems, difficulties or concerns regarding job duties to the team leader.

4. Performs all duties without significant error occurring with any regularity.

5. Meets all deadlines and timeframes for completion of assignments.

6. Represents CIS in a professional manner at all times. Demonstrates acceptable ability to interact with physicians, staff (“internal customers”) and “external customers” (patients, family members, insurance companies, home health etc.) on a professional level at all times. Exhibits good communication skills with physicians, patients, team leaders, and co-workers at all times.

7. Exhibits whenever possible a harmonious relationship with other employees in order to accomplish the duties and responsibilities of the position. While perfect harmonious relationships with all employees are sometimes not achievable, not more than an occasional complaint should be received by the team leader about the incumbent of this position.

8. The employee shall work and relate cooperatively with all other employees (internal customers) to assure optimum care for the patients and to achieve standards of care set forth by the medical staff.

9. Adheres to the Compliance Plan as it pertains to the above specific job duties. Uses best efforts to maintain compliance by following the Corporate Compliance Plan, attending compliance education, following medical documentation guidelines, and communicating concerns regarding compliance issues.

10. Performs accurate and complete documentation in the patient’s medical record, when applicable.

11. Work with the electronic medical record (EMR) staff to maintain quality and work towards future EMR development.

12. Maintains patient confidentiality according to the HIPAA standards of privacy and security.",unavailable,Full-time,"Full-time, ",unavailable,test,test2,11/29/2024,false,unavailable,unavailable,https://www.indeed.com/rc/clk?jk=771c51ee55d34c24&bb=baTTHFJHrrzWHGKCFpzpSAuDKzeGuxYM68oAw_D0iqSBDzyQm7n-FZZWJpiyOTH96EA8t0LgpxioYUIsPvkg5cnuvbhH07BHsPHP6J0xOe1lKZOb4ut_hVA7WgLq_oGI&xkcb=SoAV67M3-QW_gU3MNB0MbzkdCdPP&fccid=dd616958bd9ddc12&vjs=3
a34325dc-7caf-44db-81bd-0f0aedadc9c5,"Art Director, ASU Online",https://www.indeed.com/rc/clk?jk=60bdafcac05a3033&bb=baTTHFJHrrzWHGKCFpzpSEgPHVCLOYyrXrepNwJjPb84SP3s6b1ZS8qCJfwvOsnHnvKRwOTDbDkoMfIBv0vg5GsjrBsfrk4LP5MV4EwjSCc1fYUBGF6uqrjtgQ_5yOWx&xkcb=SoD867M3-QW_gU3MNB0DbzkdCdPP&fccid=2d77b0a9670ae5b7&vjs=3,unavailable,ASU Enterprise Partners,https://www.indeed.com/cmp/Asu-Enterprise-Partners?campaignid=mobvjcmp&from=mobviewjob&tk=1i2gfe51bgo6e80a&fromjk=60bdafcac05a3033,5,"Art Director, Online Marketing
The ASU Outreach Hub is dedicated to connecting more constituents in impactful ways using data-derived insights, integrated and collaborative approaches and advanced outreach techniques in support of the ASU Public Enterprise.
Under the direction of the Senior Vice President of Marketing at ASU Enterprise Partners Outreach Hub, the Art Director, Online Marketing is responsible for providing hands-on art direction to ensure the delivery of best-in-class creative assets for multimedia advertising campaigns. Specializing in ASU Online marketing, one of the university’s most highly visible advertising priorities, this position is crucial in driving the creative production process.
As a member of a highly skilled team that directs the marketing strategy for top-of-funnel recruitment marketing for ASU Online, the art director draws upon extensive technical and practical knowledge of video, photography, design, and multimedia marketing, leading freelance contractors and ASU peers through the creative process, ensuring high quality production.
The art director plays a critical role in both directly developing and leading the creation of campaign-style guides, robust photo libraries, creative templates, animations, videos and advertisements. The Art Director will work closely with ASU’s Enterprise Brand Strategy and Management team to ensure full command of ASU’s brand and creative strategy.
What you’ll do:
Works with the ASU Enterprise Brand Team to ensure full command of the ASU brand platform and standards.
Routinely participate in training and creative brainstorming sessions led by the Brand team and attended by peers across ASU.
Act as a subject area expert in the area of ASU Online advertising.
Communicates with internal and external creative teams to develop ideas and efficient design systems to produce a large body of work related to multimedia advertising. Routinely prepare assets for distribution through social media, digital display, and CTV.
Lead design from concept to completion for multimedia advertising campaigns.
Fully understand the requirements of the campaign and ensure that the creative articulation meets the requirements and goals.
Engage directly in design solutions and/or provide art direction to internal and external creative resources.
Prepare for and confidently art direct on the day of photography and video shoots. Works with the photographer, stylist, crew, and models to deliver high-quality photography assets.
Produce vision boards and directional materials to ensure all team members are aligned on the quality of the photos to be produced.
Select the best photography from the set, applying insights from photography testing about which photos resonate most with ASU audiences.
Collaborates with the photographer to finalize all final art to a high level, detailed execution of color correction, retouching, and enhancement standards.
Thrive in a highly collaborative and dynamic environment that is subject to tight deadlines, often include conflicting priorities.
Hire, motivate, develop, and retain high performance team
Commit to the professional growth and development of team members
What you'll need:
Proven ability in implementing, leading, and coordinating best-in-class, branded communications (both print and electronic)
Proven ability managing a specialized or multi-disciplinary team of creatives with a leadership and professional development focus
Experience in leveraging a mix of artistic, marketing and business expertise to accomplish goals
Demonstrated expertise in human-centered, insights-driven design processes
Experience with problem solving, decision making and the ability to provide leadership in a highly collaborative environment
Experience in establishing and enacting artistic vision both on projects and for teams, leveraging and translating wide-ranging inspiration into concrete direction
Experience actively participating in constructive critique in office and in project communications
Experience in having a proactive approach to work throughout the course of a year, anticipating and proposing projects based on experience with clients
Demonstrates experience in managing multiple projects, using design to advance progress by proposing solutions and showing collaborators what is possible before final content or images are delivered
Experience in the principles, practices, methods and techniques of graphic design and layout as well as printing
Demonstrated proficiency with Adobe CS: InDesign, Illustrator, Photoshop, Acrobat
Demonstrated advanced post-production editing experience in the Adobe Creative Cloud suite (Adobe Premiere Pro, After Effects, Rush, Audition, Media Encoder, Photoshop, Lightroom and Audition)
Demonstrated experience in photo shoot direction, selection, and image manipulation
Working knowledge of digital and social mediums, and understanding of user experience
Ability to work independently, keep leadership informed of project process, and ensure alignment of creative solutions with strategic direction as developed by marketing or communication leads
Evidence of excellent communication and organizational skills, customer service focused, attention to detail, and high degree of openness to new approaches and new ideas
Ability to interpret input, feedback, and markups
Problem solver who can take initiative and set priorities while being flexible
Ability to work effectively in an environment subject to tight deadlines, which often includes conflicting priorities
Excellent leadership, team building, organizational, and relationship building skills
Ability to effectively select, hire, lead, develop, and evaluate staff
Experience establishing trust, credibility, and respect with internal and external parties
Ability to maintain a high degree of confidentiality and responsibility regarding information related to Enterprise Partners and university business
Relevant qualifications:
Bachelor’s degree in graphic design/visual communications or related field
Eight (8) years of related experience; must include three (3) years of supervisory experience
Demonstrated experience delivering campaigns across different media channels
Preferred education and experience:
Experience in an agency environment or experience working in-house for a large, established brand
Experience working with project management systems, such as Wrike or similar
Benefits:
Hybrid work schedule. We work from home two days a week!
Comprehensive benefits package, including medical, dental, and vision insurance
401(k) plan with matching employer contribution
22 days of vacation time
11 holidays, including your birthday
Parental leave
Significant tuition reductions
Professional development is highly valued at ASU Enterprise Partners, where employees are encouraged to look across the organization and nurture new areas of interest
$30 bi-weekly cell phone reimbursement

At ASU Enterprise Partners:
We serve.
We serve the faculty and staff of ASU to bring them resources so they can do all the great things that they do.
We innovate.
We’re always looking for new ideas, new solutions, new approaches and new ways to address the challenges facing ASU.
We engage.
We engage our donors, philanthropists, investors and partners, connecting them to ASU and helping them share their time, talent and treasure.
We care.
When we serve, innovate and engage, it shows that we care — about faculty, staff, donors, fellow employees and other partners as we bring resources to ASU.

ASU Enterprise Partners and its subsidiaries is an equal opportunity employer that is firmly committed to promoting justice, equity, diversity, and inclusion within our organization and throughout our sphere of influence. Because we embrace a spirit of innovation and achievement, we will endeavor to maximize the talent and potential of all employees, directors, and volunteers through bold and strategic action aimed at building success and a sense of belonging. All employees are expected to act in good faith to support these actions and to not impede the efforts of others to build a just, equitable, diverse, and inclusive organization.
ASU Enterprise Partners is an Equal Opportunity Employer",unavailable,Full-time,"Full-time, ","Benefits
Pulled from the full job description
401(k) matching
Cell phone reimbursement
Dental insurance
Health insurance
Parental leave
Vision insurance
Work from home
&nbsp;",test,test2,11/09/2024,false,unavailable,29,https://www.indeed.com/rc/clk?jk=60bdafcac05a3033&bb=baTTHFJHrrzWHGKCFpzpSEgPHVCLOYyrXrepNwJjPb84SP3s6b1ZS8qCJfwvOsnHnvKRwOTDbDkoMfIBv0vg5GsjrBsfrk4LP5MV4EwjSCc1fYUBGF6uqrjtgQ_5yOWx&xkcb=SoD867M3-QW_gU3MNB0DbzkdCdPP&fccid=2d77b0a9670ae5b7&vjs=3
df570c6e-64ea-4447-ac91-350a15c6b0bd,"Coding Coordinator, Professional Billing Coding",https://www.indeed.com/rc/clk?jk=44a95be7d2716112&bb=baTTHFJHrrzWHGKCFpzpSI4GL_Zda57CLkKBOECxyO0FSZ4_Y1FcE9flBeuGS1x63KpZHrOjds1l36-xZC7v-BEzkiEh4ZnXT34aSzdDPUs9WfeAurL2rvQW4bIZB_HI&xkcb=SoBI67M3-QW_gU3MNB0CbzkdCdPP&fccid=47241ecef828f60c&vjs=3,unavailable,Hennepin Healthcare,https://www.indeed.com/cmp/Hennepin-Healthcare?campaignid=mobvjcmp&from=mobviewjob&tk=1i2gfealqn8hd800&fromjk=44a95be7d2716112,393,"Hennepin Healthcare is an integrated system of care that includes HCMC, a nationally recognized Level I Adult Trauma Center and Level I Pediatric Trauma Center and acute care hospital, as well as a clinic system with primary care clinics located in Minneapolis and across Hennepin County. The comprehensive healthcare system includes a 473-bed academic medical center, a large outpatient Clinic & Specialty Center, and a network of clinics in the North Loop, Whittier, and East Lake Street neighborhoods of Minneapolis, and in the suburban communities of Brooklyn Park, Golden Valley, Richfield, and St. Anthony Village. Hennepin Healthcare has a large psychiatric program, home care, and operates a research institute, philanthropic foundation, and Hennepin EMS. The system is operated by Hennepin Healthcare System, Inc., a subsidiary corporation of Hennepin County.

Equal Employment Opportunities: We believe equity is essential for optimal health outcomes and are committed to achieve optimal health for all by actively eliminating barriers due to racism, poverty, gender identity, and other determinants of health. We are committed to equitable care and working in an environment that celebrates, promotes, and protects diversity, equity, inclusion, and belonging. We are committed to bringing in individuals with new cultural perspectives to assist in creating a more equitable healthcare organization.


SUMMARY:
We are currently seeking a Coding Coordinator to join our Professional Billing Coding team. This full-time role will primarily work remote (SHIFT: Days).

Purpose of this position: Supports workflow process/improvements implemented in department. Oversees scheduling of coder training as well as timely submission of professional billing inpatient charges in accordance with regulatory guidelines. Reviews and assigns codes for all diagnoses and procedures according to accepted coding guidelines, regulations, and standards for ICD9-CM and HCMPCS/CPT, as well as those determined by various payers. Maintains productivity standards in place for advanced coders.

Current List of non-MN States where Hennepin Healthcare is an Eligible Employer: Alabama, Arizona, Arkansas, Florida, Georgia, Illinois, Iowa, Nevada, North Carolina, North Dakota, South Carolina, South Dakota, Tennessee, Texas, and Wisconsin.

RESPONSIBILITIES:

Assists coders in determining accurate code selection, communication requests, and educational information (both written and oral) to internal and external customers, to assist the department in meeting their goals
Provides timely and consistent information regarding ICD-10-CM/PCS, HCPCS, and CPT so that the most accurate codes can be assigned for data collection and reimbursement
Serves as a resource for coding questions
Recommends changes to enhance department productivity and effectiveness as well as meet/maintain HHS's quarterly coding accounts receivable goals
Participates in ongoing internal and external audits
Assists in ensuring the automated coding systems, interfaces, and processes are working effectively and efficiently daily. This includes EPIC, Optum, and 3M systems
Reviews new team member training outcomes on a regular and timely basis
Evaluates the medical record documentation for procedures and diagnoses documented in the medical record and accurately assigns ICD-10-CM/PCS, HCPCS, and CPT codes based on National Coding Guidelines
Serves as expert resource for issues relating to coding and abstracting of evaluation and management codes, diseases/procedures, and implications on reimbursement
Serves as a resource in the areas including, but not limited to the following: coding data quality, coding audits, in-service/physician education, and training team
Performs other duties as assigned


QUALIFICATIONS:
Minimum Qualifications:

Associate's degree in business and/or healthcare administration, Health Information Management, or Health Information Technology
Two (2) years coding experience

-OR-

An approved equivalent combination of education and experience

Preferred Qualifications:

Registered Health Information Administrator (RHIA), Registered Health Information Technologist (RHIT), Certified Professional Coder (CPC), or Certified Coding Specialist-Physician (CCS-P)
Experience with Epic electronic medical record functionality and encoder and reimbursement systems recommended
Other approved AHIMA or AAPC credential

Knowledge/ Skills/ Abilities:

Must have extensive and demonstrated expertise in CPT, HCPCS, and ICD-10-CM/PCS coding classification systems
Knowledge of state and federal legislation for HIPAA Privacy, medical record access, and regulatory and accreditation agencies
Knowledge of current medical record technology, statistics, data presentation, and reporting



You've made the right choice in considering Hennepin Healthcare for your employment. We offer a wealth of opportunities for individuals who want to make an impact in our patients' lives. We are dedicated to providing Equal Employment Opportunities to both current and prospective employees. We are driven to connect talented individuals with life-changing career opportunities, enabling you to provide exceptional care without exception. Thank you for considering Hennepin Healthcare as a future employer.

Please Note: Offers of employment from Hennepin Healthcare are conditional and contingent upon successful clearance of all background checks and pre-employment requirements.



Department: Professional Billing Coding
Primary Location: MN-Minneapolis-Downtown Campus
Standard Hours/FTE Status: FTE = 1.00 (80 hours per pay period)
Shift Detail: Day
Job Level: Staff
Employee Status: Regular
Eligible for Benefits: Yes
Union/Non Union: Union
Job Posting: Jun-11-2024",unavailable,Full-time,"Full-time, ",unavailable,test,test2,11/22/2024,false,unavailable,237,https://www.indeed.com/rc/clk?jk=44a95be7d2716112&bb=baTTHFJHrrzWHGKCFpzpSI4GL_Zda57CLkKBOECxyO0FSZ4_Y1FcE9flBeuGS1x63KpZHrOjds1l36-xZC7v-BEzkiEh4ZnXT34aSzdDPUs9WfeAurL2rvQW4bIZB_HI&xkcb=SoBI67M3-QW_gU3MNB0CbzkdCdPP&fccid=47241ecef828f60c&vjs=3
cb27d815-30a2-40a3-9d3f-6819cb67c490,"Risk Adjustment Educator - Denver, CO",https://www.indeed.com/rc/clk?jk=23a547c81c4fbb5f&bb=baTTHFJHrrzWHGKCFpzpSLO-g9xcrsrZHqA088k5ZGi-PriS2n-9xsSCeC8mnuOl9f2DZS721zwLGKMDE_pRXd-aaS8JIWhmD3gUDY1z7EI-AJnOVmf0V-m7WnnLjCCs&xkcb=SoDV67M3-QW_gU3MNB0BbzkdCdPP&fccid=0150f49158f48413&vjs=3,"Denver, CO",Physician Health Partners,https://www.indeed.com/cmp/Physician-Health-Partners?campaignid=mobvjcmp&from=mobviewjob&tk=1i2gfegrgku50800&fromjk=23a547c81c4fbb5f,15,"Are you looking to work for a company that has been recognized for over a decade as a Top Place to Work? Apply today to become a part of a company that continues to commit to putting our employees first.
Job Description:
Responsible for educating and advising providers and practice staff in Medicare coding guidelines, focusing on revenue enhancement opportunities. Work in collaboration with other PHP departments and Optum/United HealthCare Medicare Advantage(MA) or other health plans to develop plans and materials that support education and system changes to meet practice and IPA revenue goals.
COMPETENCIES/Role-Specific Functions:
COMMUNICATION
Communicates well both verbally and in writing, creates accurate and punctual reports, delivers presentations, shares information and ideas with others, has good listening skills.
Collaborates to develop plans and present to practices the HCC education program that reflects IPA ethical standards and Medicare guidelines.
Collaborate with Optum and PHP data analysts to develop meaningful practice-level reporting to assist in coding and code submission more effectively.
Work with contracted Medicare Advantage plans, Optum and other third party vendors to drive or supplement educational forums and reports.
PROBLEM SOLVING
Breaks down problems into smaller components, understands underlying issues, can simplify and process complex issues, understands the difference between critical details and unimportant facts.
Identify potential data flow obstacles within assigned practices and work with practice staff to develop action plans to assist practices in overcoming obstacles. Involve PHP Practice Transformation Coach to assist practices as needed.
Identify and solve issues with other vendors (billing companies, clearinghouse, etc.) to remove obstacles that prevent maximum code extraction and submission.
PRODUCTIVITY
Manages a fair workload, volunteers for additional work, prioritizes tasks, develops good work procedures, manages time well, handles information flow.
Risk adjustment chart reviews.
Educate physicians and office staff on coding techniques to accurately document and capture patient acuity to the highest degree of specificity while maintaining Medicare guidelines.
SELF DEVELOPMENT
Seeks out and accepts feedback, is a proactive learner, takes on tough assignments to improve skills, keeps knowledge and skills up-to-date, turns mistakes into learning opportunities.
Maintains working knowledge of changing health industry environment related to the risk adjustment model and CMS expectations such as tolerance, fraud/abuse responses, etc.
Remain current on CEUs to maintain CPC and other professional certifications.
CUSTOMER FOCUS
Builds customer confidence, is committed to increasing customer satisfaction, sets achievable customer expectations, assumes responsibility for solving customer problems, ensures commitments to customers are met, solicits opinions and ideas from customers, responds to customers.
Be a primary resource for physicians and office staff to answer questions or access resources to support documentation and coding for risk adjustment.
Interface with assigned practices on a regular basis to help develop and maintain engagement levels of practices.
Build relationships with practices to help them understand the importance of documentation and coding in a manner that addresses overall patient care management and IPA revenue goals.
JOB KNOWLEDGE
Understands duties and responsibilities, has necessary job knowledge, has necessary technical skills, understands company mission/values, keeps job knowledge current, is in command of critical issues.
Other duties as assigned.
Qualifications (Education/Experience/Knowledge/Skills/Abilities):
Bachelors’ degree in health related field required. Four years of related work experience may be considered in lieu of a degree.
Certified Professional Coder (CPC) required.
Certified Risk Adjustment Coder (CRC) required or commitment to get within 1 year of employment.
Three to five years’ experience with medical records and/or medical coding, preferably risk adjustment coding.
Knowledge of health care insurance claims practice and compliance.
Knowledge of Medicare rules and guidelines.
Knowledge of Claims Coding (CPT, HCPCs, ICD-10, HCFA 1500).
Knowledge of risk adjustment categories and hierarchy preferred.
Knowledge of MS Office Suite, Electronic Medical Records, Encoder, Coding Clinic, other software programs and internet based applications as needed to fulfill position duties.
Skilled in synthesizing data and questions to communicate a cohesive educational training program.
Skilled in responding to practice inquiries in a timely and accurate manner.
Skilled in working collaboratively with various parties to communicate an accurate and meaningful reporting package for practices.
Able to work effectively with physicians, practice staff, health plan/other external parties and PHP multidisciplinary team to streamline efforts to meet HCC Coding goals.
Able to work with sensitive data and relay potential issues or concerns in a diplomatic manner.
Able to multi-task and meet deadlines.
Able to work with external parties to obtain resources as needed.
Able to communicate findings in a clear, concise manner, both internally and externally, including presentations.
Required Licensure or Certification for this position must be maintained by the employee as defined by the company policies and procedures.
A valid unrestricted Colorado drivers’ license.
Reliable and insured vehicle.
Home office that is HIPAA compliant for all remote or telecommuting positions as outlined by the company policies and procedures.
Mobile Device for work purposes as defined by the company policies and procedures.
Physical Demands The physical demands described here are representative of those that must be met by an employee to successfully perform the essential functions of this job. Reasonable accommodations may be made to enable individuals with disabilities to perform the essential functions. While performing the duties of this Job, the employee is regularly required to sit; use hands to finger, handle, or feel and talk or hear. The employee is frequently required to stand; walk; reach with hands and arms and stoop, kneel, crouch, or crawl. The employee is occasionally required to climb or balance. The employee must regularly lift and/or move up to 25 pounds. Specific vision abilities required by this job include close vision and ability to adjust focus.
Work Environment The work environment characteristics described here are representative of those an employee encounters while performing the essential functions of this job. Reasonable accommodations may be made to enable individuals with disabilities to perform the essential functions. The noise level in the work environment is usually moderate.
Salary Range:
$58,510- 73,137",- Full-time,"$58,510 - $73,137 a year",unavailable,unavailable,test,test2,11/14/2024,false,unavailable,13,https://www.indeed.com/rc/clk?jk=23a547c81c4fbb5f&bb=baTTHFJHrrzWHGKCFpzpSLO-g9xcrsrZHqA088k5ZGi-PriS2n-9xsSCeC8mnuOl9f2DZS721zwLGKMDE_pRXd-aaS8JIWhmD3gUDY1z7EI-AJnOVmf0V-m7WnnLjCCs&xkcb=SoDV67M3-QW_gU3MNB0BbzkdCdPP&fccid=0150f49158f48413&vjs=3
b653a6a7-561a-4888-95ca-69e6ca296507,Senior Controls Engineer,https://www.indeed.com/rc/clk?jk=da8cde9212eca423&bb=baTTHFJHrrzWHGKCFpzpSLHzm26ee2b3krCAAl2Z_FTmH3bmc_sJDi7S7gXAjdfiN_MT5l184kA6ZeVmO5mkUDq3rFcXbZ7VSQk2OQ9FbMdh9I3LUszKN6zYFTVRTGga&xkcb=SoBh67M3-QW_gU3MNB0AbzkdCdPP&fccid=2766d6b42f2003bd&vjs=3,"Concord, NC","Celgard, LLC","https://www.indeed.com/cmp/Celgard,-LLC?campaignid=mobvjcmp&from=mobviewjob&tk=1i2gfellhnbl9800&fromjk=da8cde9212eca423",unavailable,"The Asahi Kasei Group operates with a commitment of creating for tomorrow. Our business sectors, Material, Homes, and Health Care, contribute to the development of society by anticipating the changing needs of those around the world. We look for candidates that offer a fresh perspective and a variety of skills to help us achieve our commitment.
We are currently seeking applications to fill the following job opening at Celgard where we develop and manufacture membrane battery separators that are critical components used in lithium-ion batteries for electric drive vehicles (EDVs) and energy storage systems (ESS).

Company:
Celgard, LLC
Job Description:
Senior Controls Engineer
Celgard – Concord, NC
About Us
For more than 50 years, Celgard has been a proven global leader in the development and production of high-performance membrane technology. Our products are used in a broad range of energy storage and other barrier-type applications, including lithium-ion batteries, lithium primary and other specialty battery solutions, technical textiles such as waterproof breathable apparel and medical personal protective equipment (PPE) and other specialty applications. Headquartered in the United States, we operate manufacturing facilities in the USA and China and have sales and technical service staff located strategically throughout North America, Europe, and Asia.
Celgard is part of Polypore International, a leading global high technology company specializing in microporous membranes. Polypore brings advanced development and manufacturing know-how as well as unique problem-solving capabilities to customers' lithium-ion and lead-acid battery development teams. Polypore is an Asahi Kasei Group company, which is a diversified group of companies led by holding company Asahi Kasei Corp., with operations in the material, homes, and health care business sectors. We are creating for tomorrow!
About the Role
We are seeking a Senior Controls Engineer to be a part of the Maintenance team based in Concord, NC. The Senior Controls Engineer is responsible for installing, modifying, and servicing process control systems throughout the facility as well as providing electrical engineering support that consist of electrical designs and drawings. He/she will work in a high performance, team-centered work environment to support operations, engineering, and maintenance by driving continuous improvement in the automation and control of the manufacturing processes as well as providing electrical engineering. Will utilize data management skills, PLC (Programmable Logic Control) skills, electrical engineering, and general troubleshooting skills to solve complex manufacturing processes, create enhancements to the process control systems, and provide electrical design solutions. Will assist with programming and installing of new equipment during start-up.
Reporting Relationships
This position directly reports to the Plant Maintenance Manager title here and does not supervise others.
Asahi Kasei’s Values
Sincerity – Being sincere with everyone
Challenge – Bolding taking challenges, continually seeking change
Creativity – Creating new value through unity and synergy
Key Accountabilities
Support equipment installation and modification in coordination with Project and Process Engineering initiatives.
Provide day-to-day support for all software and hardware that comprise the plant control network including: PLC’s, drives, switches, routers, PC diagnostic and repair, network IP, and industrial communication protocols.
Work closely with Manufacturing Technicians, Process Engineers, Project Engineers, and I&E (Instrumentation & Electrical) Technicians to provide advice and support, help diagnose PLC system and process issues, provide electrical design solutions, and lead troubleshooting efforts related to these systems.
Work with vendors of PLC hardware/software & SCADA software to troubleshoot and enhance the performance of equipment.
Work with suppliers of related instruments & electronic equipment related to the PLC equipment. Contact suppliers to clarify performance and application of PLC equipment, instruments, drives, and other equipment that is part of the control systems.
Work with SCADA supervisory systems to analyze process data and create process trend graphs.
Set up, modify, and analyze alarm & event display and archiving.
Participate on cross-functional continuous improvement teams. Lead and execute improvement projects to the automation & electrical systems. For larger projects using external resources, act as the plant automation liaison.
Maintain compliance with all plant safety systems and policies, and applicable laws/regulations.
Utilize lean manufacturing methodologies and problem solving/troubleshooting tools to identify root cause of problem areas in Process Control code, Operator Interface, or hardware and effectively resolve these problems with team member input. Specific troubleshooting and optimization activities will include reducing alarms and unplanned events, minimizing elements in manual, tuning controllers, evaluating the impact of automation systems on plant operability issues, participating in Root Cause Investigations, and utilizing tools such as SPC for optimizing plant Process Control systems.
Qualifications
Education Background:
Bachelor’s degree in Electrical Engineering or other related technical field.
Knowledge & Experience:
Minimum of 4-6 years’ experience with Rockwell (Allen Bradley) PLC programming & software analysis in a manufacturing environment
In-depth experience installing and supporting industrial control systems and control networks including: PLC’s, drives, switches, routers, PC diagnostics and repair, network IP, and industrial communication protocols
Proficiency with the following control methodologies required: PID loop configuration and analysis; sequential programming; temperature, pressure, and motor speed control
Highly proficient with the following software is required: RS 5000, RS500, and Panel builder
Experience programming and supporting the following platforms is preferred: Mitsubishi PLC’s; Rockwell GuardLogix; Wonderware or demonstrated ability on other high-level scripting language.
Advanced I&E skills
- Capable of using troubleshooting tools and techniques for diagnosing industrial machinery instrumentation. (i.e., Working knowledge of thermocouples, RTDs, pressure and flow transmitters, loops, SCRs and SSRs, encoders, ultrasonic sensors, limit and proximity sensors. Able to troubleshoot wiring from schematics and P&ID. Able to use multi-meters, amp meters, Fluke calibrator, oscilloscope, pressure calibrator, temperature bath)
AutoCAD experience
Able to read & edit P&ID drawings
Able to write technical communications including electrical and control drawings
Able to perform drive configurations and communication protocols associated with drive systems; troubleshoot drive systems
Key Attributes:
Able to work independently under limited supervision, and provide direction/leadership to others in automation tasks/projects
Strengths in organization and motivation
Excellent communication, teamwork, and interpersonal skills
Strong analytical skills to analyze process performance and recommend changes
Able to provide electrical and control design solutions for complex projects
Travel:
Must be able and willing to travel up to 10% for domestically and abroad for training and visiting other company locations
Working Environment
This position is in a manufacturing plant setting that would require working in a production environment around chemicals. Work will require standing and walking for up to 50% of the time. Lighting and temperature are adequate. You may be required to lift up to 35 pounds and/or force necessary to push, pull, or otherwise move objects.
Celgard manufacturing sites are IATF 16949 and ISO 9001 certified.
Location Information
Concord is part of the Charlotte metro area. Charlotte, NC, known as the Queen City, is a thriving metropolitan area of over 2.6 million people across 15 counties and is situated just north of the South Carolina border, within a weekend drive to the mountains and the beach. It is comprised of diversity in people, industries and living, from urban to rural. It is ranked second among 25 largest cities for most desirable place to purchase a home by Nerdwallet.com and is ranked eight among the top 10 big booming cities by CNNmoney.com. Charlotte is home of one of North Carolina’s largest college campuses, UNC Charlotte. Along with a friendly southern culture, Charlotte offers dining, arts, museums, major league basketball, football and soccer teams, a minor league baseball team, NASCAR, shopping, festivals, a variety of amenities and quick access to several parks and reserves for people who love the outdoors.
#LI-MN1
As an equal opportunity employer, Asahi Kasei believes a diverse workforce will provide us with the ability to continuously support the changes in the economy, society, and environment.",unavailable,Full-time,"Full-time, ",unavailable,test,test2,10/23/2024,false,unavailable,unavailable,https://www.indeed.com/rc/clk?jk=da8cde9212eca423&bb=baTTHFJHrrzWHGKCFpzpSLHzm26ee2b3krCAAl2Z_FTmH3bmc_sJDi7S7gXAjdfiN_MT5l184kA6ZeVmO5mkUDq3rFcXbZ7VSQk2OQ9FbMdh9I3LUszKN6zYFTVRTGga&xkcb=SoBh67M3-QW_gU3MNB0AbzkdCdPP&fccid=2766d6b42f2003bd&vjs=3
